-- 모든 테이블 데이터 삭제
TRUNCATE TABLE
  comment_likes,
  article_likes,
  product_likes,
  comments,
  article_comments,
  product_comments,
  article_images,
  product_images,
  articles,
  products,
  images,
  product_tags,
  tags,
  auth_email,
  auth_oauth,
  users
RESTART IDENTITY CASCADE;

-- USERS
INSERT INTO users (id, nickname) VALUES
('00000000-0000-0000-0000-000000000001', '홍길동'),
('00000000-0000-0000-0000-000000000002', '박길동'),
('00000000-0000-0000-0000-000000000003', '이길동');

-- AUTH_EMAIL
INSERT INTO auth_email (user_id, email, password_hash) VALUES
('00000000-0000-0000-0000-000000000003', 'gildong_lee@example.com', 'hashed_password_1');

-- AUTH_OAUTH
INSERT INTO auth_oauth (id, user_id, provider, provider_user_id) VALUES
('44444444-4444-4444-4444-000000000001', '00000000-0000-0000-0000-000000000002', 'google', 'google-user-123');

-- IMAGES
INSERT INTO images (id, url, name, ext) VALUES
('99999999-9999-9999-9999-000000000001', 'https://example.com/image1.jpg', 'image1', 'jpg'),
('99999999-9999-9999-9999-000000000002', 'https://example.com/image2.jpg', 'image2', 'jpg'),
('99999999-9999-9999-9999-000000000003', 'https://example.com/image3.jpg', 'image3', 'jpg'),
('99999999-9999-9999-9999-000000000004', 'https://example.com/image4.jpg', 'image4', 'jpg'),
('99999999-9999-9999-9999-000000000005', 'https://example.com/image5.jpg', 'image5', 'jpg'),
('99999999-9999-9999-9999-000000000006', 'https://example.com/image6.jpg', 'image6', 'jpg'),
('99999999-9999-9999-9999-000000000007', 'https://example.com/image7.jpg', 'image7', 'jpg'),
('99999999-9999-9999-9999-000000000008', 'https://example.com/image8.jpg', 'image8', 'jpg'),
('99999999-9999-9999-9999-000000000009', 'https://example.com/image9.jpg', 'image9', 'jpg'),
('99999999-9999-9999-9999-000000000010', 'https://example.com/image10.jpg', 'image10', 'jpg');

-- TAGS
INSERT INTO tags (id, name) VALUES
('88888888-8888-8888-8888-000000000001', '태그1'),
('88888888-8888-8888-8888-000000000002', '태그2'),
('88888888-8888-8888-8888-000000000003', '태그3'),
('88888888-8888-8888-8888-000000000004', '태그4'),
('88888888-8888-8888-8888-000000000005', '태그5');

-- PRODUCTS
INSERT INTO products (id, user_id, name, description, price, main_image_id) VALUES
('11111111-1111-1111-1111-000000000001', '00000000-0000-0000-0000-000000000001', '제품 1', '설명 1이 충분히 깁니다.', 1000, '99999999-9999-9999-9999-000000000001'),
('11111111-1111-1111-1111-000000000002', '00000000-0000-0000-0000-000000000001', '제품 2', '설명 2이 충분히 깁니다.', 1000, '99999999-9999-9999-9999-000000000002'),
('11111111-1111-1111-1111-000000000003', '00000000-0000-0000-0000-000000000001', '제품 3', '설명 3이 충분히 깁니다.', 1000, '99999999-9999-9999-9999-000000000003'),
('11111111-1111-1111-1111-000000000004', '00000000-0000-0000-0000-000000000001', '제품 4', '설명 4이 충분히 깁니다.', 1000, '99999999-9999-9999-9999-000000000004'),
('11111111-1111-1111-1111-000000000005', '00000000-0000-0000-0000-000000000001', '제품 5', '설명 5이 충분히 깁니다.', 1000, '99999999-9999-9999-9999-000000000005'),
('11111111-1111-1111-1111-000000000006', '00000000-0000-0000-0000-000000000001', '제품 6', '설명 6이 충분히 깁니다.', 1000, '99999999-9999-9999-9999-000000000006'),
('11111111-1111-1111-1111-000000000007', '00000000-0000-0000-0000-000000000001', '제품 7', '설명 7이 충분히 깁니다.', 1000, '99999999-9999-9999-9999-000000000007'),
('11111111-1111-1111-1111-000000000008', '00000000-0000-0000-0000-000000000001', '제품 8', '설명 8이 충분히 깁니다.', 1000, '99999999-9999-9999-9999-000000000008'),
('11111111-1111-1111-1111-000000000009', '00000000-0000-0000-0000-000000000001', '제품 9', '설명 9이 충분히 깁니다.', 1000, '99999999-9999-9999-9999-000000000009'),
('11111111-1111-1111-1111-000000000010', '00000000-0000-0000-0000-000000000001', '제품 10', '설명 10이 충분히 깁니다.', 1000, '99999999-9999-9999-9999-000000000010'),
('11111111-1111-1111-1111-000000000011', '00000000-0000-0000-0000-000000000001', '제품 11', '설명 11이 충분히 깁니다.', 1000, '99999999-9999-9999-9999-000000000001'),
('11111111-1111-1111-1111-000000000012', '00000000-0000-0000-0000-000000000001', '제품 12', '설명 12이 충분히 깁니다.', 1000, '99999999-9999-9999-9999-000000000002'),
('11111111-1111-1111-1111-000000000013', '00000000-0000-0000-0000-000000000001', '제품 13', '설명 13이 충분히 깁니다.', 1000, '99999999-9999-9999-9999-000000000003'),
('11111111-1111-1111-1111-000000000014', '00000000-0000-0000-0000-000000000001', '제품 14', '설명 14이 충분히 깁니다.', 1000, '99999999-9999-9999-9999-000000000004'),
('11111111-1111-1111-1111-000000000015', '00000000-0000-0000-0000-000000000001', '제품 15', '설명 15이 충분히 깁니다.', 1000, '99999999-9999-9999-9999-000000000005'),
('11111111-1111-1111-1111-000000000016', '00000000-0000-0000-0000-000000000001', '제품 16', '설명 16이 충분히 깁니다.', 1000, '99999999-9999-9999-9999-000000000006'),
('11111111-1111-1111-1111-000000000017', '00000000-0000-0000-0000-000000000001', '제품 17', '설명 17이 충분히 깁니다.', 1000, '99999999-9999-9999-9999-000000000007'),
('11111111-1111-1111-1111-000000000018', '00000000-0000-0000-0000-000000000001', '제품 18', '설명 18이 충분히 깁니다.', 1000, '99999999-9999-9999-9999-000000000008'),
('11111111-1111-1111-1111-000000000019', '00000000-0000-0000-0000-000000000001', '제품 19', '설명 19이 충분히 깁니다.', 1000, '99999999-9999-9999-9999-000000000009'),
('11111111-1111-1111-1111-000000000020', '00000000-0000-0000-0000-000000000001', '제품 20', '설명 20이 충분히 깁니다.', 1000, '99999999-9999-9999-9999-000000000010'),
('11111111-1111-1111-1111-000000000021', '00000000-0000-0000-0000-000000000001', '제품 21', '설명 21이 충분히 깁니다.', 1000, '99999999-9999-9999-9999-000000000001'),
('11111111-1111-1111-1111-000000000022', '00000000-0000-0000-0000-000000000001', '제품 22', '설명 22이 충분히 깁니다.', 1000, '99999999-9999-9999-9999-000000000002'),
('11111111-1111-1111-1111-000000000023', '00000000-0000-0000-0000-000000000001', '제품 23', '설명 23이 충분히 깁니다.', 1000, '99999999-9999-9999-9999-000000000003'),
('11111111-1111-1111-1111-000000000024', '00000000-0000-0000-0000-000000000001', '제품 24', '설명 24이 충분히 깁니다.', 1000, '99999999-9999-9999-9999-000000000004'),
('11111111-1111-1111-1111-000000000025', '00000000-0000-0000-0000-000000000001', '제품 25', '설명 25이 충분히 깁니다.', 1000, '99999999-9999-9999-9999-000000000005'),
('11111111-1111-1111-1111-000000000026', '00000000-0000-0000-0000-000000000001', '제품 26', '설명 26이 충분히 깁니다.', 1000, '99999999-9999-9999-9999-000000000006'),
('11111111-1111-1111-1111-000000000027', '00000000-0000-0000-0000-000000000001', '제품 27', '설명 27이 충분히 깁니다.', 1000, '99999999-9999-9999-9999-000000000007'),
('11111111-1111-1111-1111-000000000028', '00000000-0000-0000-0000-000000000001', '제품 28', '설명 28이 충분히 깁니다.', 1000, '99999999-9999-9999-9999-000000000008'),
('11111111-1111-1111-1111-000000000029', '00000000-0000-0000-0000-000000000001', '제품 29', '설명 29이 충분히 깁니다.', 1000, '99999999-9999-9999-9999-000000000009'),
('11111111-1111-1111-1111-000000000030', '00000000-0000-0000-0000-000000000001', '제품 30', '설명 30이 충분히 깁니다.', 1000, '99999999-9999-9999-9999-000000000010');

-- PRODUCT_TAGS
INSERT INTO product_tags (product_id, tag_id) VALUES
('11111111-1111-1111-1111-000000000001', '88888888-8888-8888-8888-000000000001'),
('11111111-1111-1111-1111-000000000001', '88888888-8888-8888-8888-000000000002'),
('11111111-1111-1111-1111-000000000002', '88888888-8888-8888-8888-000000000003'),
('11111111-1111-1111-1111-000000000002', '88888888-8888-8888-8888-000000000004'),
('11111111-1111-1111-1111-000000000003', '88888888-8888-8888-8888-000000000005'),
('11111111-1111-1111-1111-000000000003', '88888888-8888-8888-8888-000000000001'),
('11111111-1111-1111-1111-000000000004', '88888888-8888-8888-8888-000000000002'),
('11111111-1111-1111-1111-000000000004', '88888888-8888-8888-8888-000000000003'),
('11111111-1111-1111-1111-000000000005', '88888888-8888-8888-8888-000000000004'),
('11111111-1111-1111-1111-000000000005', '88888888-8888-8888-8888-000000000005'),
('11111111-1111-1111-1111-000000000006', '88888888-8888-8888-8888-000000000001'),
('11111111-1111-1111-1111-000000000006', '88888888-8888-8888-8888-000000000002'),
('11111111-1111-1111-1111-000000000007', '88888888-8888-8888-8888-000000000003'),
('11111111-1111-1111-1111-000000000007', '88888888-8888-8888-8888-000000000004'),
('11111111-1111-1111-1111-000000000008', '88888888-8888-8888-8888-000000000005'),
('11111111-1111-1111-1111-000000000008', '88888888-8888-8888-8888-000000000001'),
('11111111-1111-1111-1111-000000000009', '88888888-8888-8888-8888-000000000002'),
('11111111-1111-1111-1111-000000000009', '88888888-8888-8888-8888-000000000003'),
('11111111-1111-1111-1111-000000000010', '88888888-8888-8888-8888-000000000004'),
('11111111-1111-1111-1111-000000000010', '88888888-8888-8888-8888-000000000005'),
('11111111-1111-1111-1111-000000000011', '88888888-8888-8888-8888-000000000001'),
('11111111-1111-1111-1111-000000000011', '88888888-8888-8888-8888-000000000002'),
('11111111-1111-1111-1111-000000000012', '88888888-8888-8888-8888-000000000003'),
('11111111-1111-1111-1111-000000000012', '88888888-8888-8888-8888-000000000004'),
('11111111-1111-1111-1111-000000000013', '88888888-8888-8888-8888-000000000005'),
('11111111-1111-1111-1111-000000000013', '88888888-8888-8888-8888-000000000001'),
('11111111-1111-1111-1111-000000000014', '88888888-8888-8888-8888-000000000002'),
('11111111-1111-1111-1111-000000000014', '88888888-8888-8888-8888-000000000003'),
('11111111-1111-1111-1111-000000000015', '88888888-8888-8888-8888-000000000004'),
('11111111-1111-1111-1111-000000000015', '88888888-8888-8888-8888-000000000005'),
('11111111-1111-1111-1111-000000000016', '88888888-8888-8888-8888-000000000001'),
('11111111-1111-1111-1111-000000000016', '88888888-8888-8888-8888-000000000002'),
('11111111-1111-1111-1111-000000000017', '88888888-8888-8888-8888-000000000003'),
('11111111-1111-1111-1111-000000000017', '88888888-8888-8888-8888-000000000004'),
('11111111-1111-1111-1111-000000000018', '88888888-8888-8888-8888-000000000005'),
('11111111-1111-1111-1111-000000000018', '88888888-8888-8888-8888-000000000001'),
('11111111-1111-1111-1111-000000000019', '88888888-8888-8888-8888-000000000002'),
('11111111-1111-1111-1111-000000000019', '88888888-8888-8888-8888-000000000003'),
('11111111-1111-1111-1111-000000000020', '88888888-8888-8888-8888-000000000004'),
('11111111-1111-1111-1111-000000000020', '88888888-8888-8888-8888-000000000005'),
('11111111-1111-1111-1111-000000000021', '88888888-8888-8888-8888-000000000001'),
('11111111-1111-1111-1111-000000000021', '88888888-8888-8888-8888-000000000002'),
('11111111-1111-1111-1111-000000000022', '88888888-8888-8888-8888-000000000003'),
('11111111-1111-1111-1111-000000000022', '88888888-8888-8888-8888-000000000004'),
('11111111-1111-1111-1111-000000000023', '88888888-8888-8888-8888-000000000005'),
('11111111-1111-1111-1111-000000000023', '88888888-8888-8888-8888-000000000001'),
('11111111-1111-1111-1111-000000000024', '88888888-8888-8888-8888-000000000002'),
('11111111-1111-1111-1111-000000000024', '88888888-8888-8888-8888-000000000003'),
('11111111-1111-1111-1111-000000000025', '88888888-8888-8888-8888-000000000004'),
('11111111-1111-1111-1111-000000000025', '88888888-8888-8888-8888-000000000005'),
('11111111-1111-1111-1111-000000000026', '88888888-8888-8888-8888-000000000001'),
('11111111-1111-1111-1111-000000000026', '88888888-8888-8888-8888-000000000002'),
('11111111-1111-1111-1111-000000000027', '88888888-8888-8888-8888-000000000003'),
('11111111-1111-1111-1111-000000000027', '88888888-8888-8888-8888-000000000004'),
('11111111-1111-1111-1111-000000000028', '88888888-8888-8888-8888-000000000005'),
('11111111-1111-1111-1111-000000000028', '88888888-8888-8888-8888-000000000001'),
('11111111-1111-1111-1111-000000000029', '88888888-8888-8888-8888-000000000002'),
('11111111-1111-1111-1111-000000000029', '88888888-8888-8888-8888-000000000003'),
('11111111-1111-1111-1111-000000000030', '88888888-8888-8888-8888-000000000004'),
('11111111-1111-1111-1111-000000000030', '88888888-8888-8888-8888-000000000005');

-- ARTICLES
INSERT INTO articles (id, user_id, title, content) VALUES
('22222222-2222-2222-2222-000000000001', '00000000-0000-0000-0000-000000000001', '게시글 1', '내용 1 입니다. 충분히 긴 내용입니다.'),
('22222222-2222-2222-2222-000000000002', '00000000-0000-0000-0000-000000000001', '게시글 2', '내용 2 입니다. 충분히 긴 내용입니다.'),
('22222222-2222-2222-2222-000000000003', '00000000-0000-0000-0000-000000000001', '게시글 3', '내용 3 입니다. 충분히 긴 내용입니다.'),
('22222222-2222-2222-2222-000000000004', '00000000-0000-0000-0000-000000000001', '게시글 4', '내용 4 입니다. 충분히 긴 내용입니다.'),
('22222222-2222-2222-2222-000000000005', '00000000-0000-0000-0000-000000000001', '게시글 5', '내용 5 입니다. 충분히 긴 내용입니다.'),
('22222222-2222-2222-2222-000000000006', '00000000-0000-0000-0000-000000000001', '게시글 6', '내용 6 입니다. 충분히 긴 내용입니다.'),
('22222222-2222-2222-2222-000000000007', '00000000-0000-0000-0000-000000000001', '게시글 7', '내용 7 입니다. 충분히 긴 내용입니다.'),
('22222222-2222-2222-2222-000000000008', '00000000-0000-0000-0000-000000000001', '게시글 8', '내용 8 입니다. 충분히 긴 내용입니다.'),
('22222222-2222-2222-2222-000000000009', '00000000-0000-0000-0000-000000000001', '게시글 9', '내용 9 입니다. 충분히 긴 내용입니다.'),
('22222222-2222-2222-2222-000000000010', '00000000-0000-0000-0000-000000000001', '게시글 10', '내용 10 입니다. 충분히 긴 내용입니다.'),
('22222222-2222-2222-2222-000000000011', '00000000-0000-0000-0000-000000000001', '게시글 11', '내용 11 입니다. 충분히 긴 내용입니다.'),
('22222222-2222-2222-2222-000000000012', '00000000-0000-0000-0000-000000000001', '게시글 12', '내용 12 입니다. 충분히 긴 내용입니다.'),
('22222222-2222-2222-2222-000000000013', '00000000-0000-0000-0000-000000000001', '게시글 13', '내용 13 입니다. 충분히 긴 내용입니다.'),
('22222222-2222-2222-2222-000000000014', '00000000-0000-0000-0000-000000000001', '게시글 14', '내용 14 입니다. 충분히 긴 내용입니다.'),
('22222222-2222-2222-2222-000000000015', '00000000-0000-0000-0000-000000000001', '게시글 15', '내용 15 입니다. 충분히 긴 내용입니다.'),
('22222222-2222-2222-2222-000000000016', '00000000-0000-0000-0000-000000000001', '게시글 16', '내용 16 입니다. 충분히 긴 내용입니다.'),
('22222222-2222-2222-2222-000000000017', '00000000-0000-0000-0000-000000000001', '게시글 17', '내용 17 입니다. 충분히 긴 내용입니다.'),
('22222222-2222-2222-2222-000000000018', '00000000-0000-0000-0000-000000000001', '게시글 18', '내용 18 입니다. 충분히 긴 내용입니다.'),
('22222222-2222-2222-2222-000000000019', '00000000-0000-0000-0000-000000000001', '게시글 19', '내용 19 입니다. 충분히 긴 내용입니다.'),
('22222222-2222-2222-2222-000000000020', '00000000-0000-0000-0000-000000000001', '게시글 20', '내용 20 입니다. 충분히 긴 내용입니다.'),
('22222222-2222-2222-2222-000000000021', '00000000-0000-0000-0000-000000000001', '게시글 21', '내용 21 입니다. 충분히 긴 내용입니다.'),
('22222222-2222-2222-2222-000000000022', '00000000-0000-0000-0000-000000000001', '게시글 22', '내용 22 입니다. 충분히 긴 내용입니다.'),
('22222222-2222-2222-2222-000000000023', '00000000-0000-0000-0000-000000000001', '게시글 23', '내용 23 입니다. 충분히 긴 내용입니다.'),
('22222222-2222-2222-2222-000000000024', '00000000-0000-0000-0000-000000000001', '게시글 24', '내용 24 입니다. 충분히 긴 내용입니다.'),
('22222222-2222-2222-2222-000000000025', '00000000-0000-0000-0000-000000000001', '게시글 25', '내용 25 입니다. 충분히 긴 내용입니다.'),
('22222222-2222-2222-2222-000000000026', '00000000-0000-0000-0000-000000000001', '게시글 26', '내용 26 입니다. 충분히 긴 내용입니다.'),
('22222222-2222-2222-2222-000000000027', '00000000-0000-0000-0000-000000000001', '게시글 27', '내용 27 입니다. 충분히 긴 내용입니다.'),
('22222222-2222-2222-2222-000000000028', '00000000-0000-0000-0000-000000000001', '게시글 28', '내용 28 입니다. 충분히 긴 내용입니다.'),
('22222222-2222-2222-2222-000000000029', '00000000-0000-0000-0000-000000000001', '게시글 29', '내용 29 입니다. 충분히 긴 내용입니다.'),
('22222222-2222-2222-2222-000000000030', '00000000-0000-0000-0000-000000000001', '게시글 30', '내용 30 입니다. 충분히 긴 내용입니다.');

-- ARTICLE_IMAGES
INSERT INTO article_images (article_id, image_id) VALUES
('22222222-2222-2222-2222-000000000002', '99999999-9999-9999-9999-000000000006'),
('22222222-2222-2222-2222-000000000003', '99999999-9999-9999-9999-000000000004'),
('22222222-2222-2222-2222-000000000004', '99999999-9999-9999-9999-000000000010'),
('22222222-2222-2222-2222-000000000004', '99999999-9999-9999-9999-000000000006'),
('22222222-2222-2222-2222-000000000005', '99999999-9999-9999-9999-000000000010'),
('22222222-2222-2222-2222-000000000007', '99999999-9999-9999-9999-000000000002'),
('22222222-2222-2222-2222-000000000008', '99999999-9999-9999-9999-000000000010'),
('22222222-2222-2222-2222-000000000008', '99999999-9999-9999-9999-000000000004'),
('22222222-2222-2222-2222-000000000009', '99999999-9999-9999-9999-000000000009'),
('22222222-2222-2222-2222-000000000010', '99999999-9999-9999-9999-000000000004');

-- COMMENTS
INSERT INTO comments (id, user_id, parent_comment_id, content, target_type, target_id) VALUES
('33333333-3333-3333-3333-000000000001', '00000000-0000-0000-0000-000000000001', NULL, '댓글 1입니다.', 'product', '11111111-1111-1111-1111-000000000001'),
('33333333-3333-3333-3333-000000000002', '00000000-0000-0000-0000-000000000001', NULL, '댓글 2입니다.', 'article', '22222222-2222-2222-2222-000000000002'),
('33333333-3333-3333-3333-000000000003', '00000000-0000-0000-0000-000000000001', NULL, '댓글 3입니다.', 'product', '11111111-1111-1111-1111-000000000003'),
('33333333-3333-3333-3333-000000000004', '00000000-0000-0000-0000-000000000001', NULL, '댓글 4입니다.', 'article', '22222222-2222-2222-2222-000000000004'),
('33333333-3333-3333-3333-000000000005', '00000000-0000-0000-0000-000000000001', NULL, '댓글 5입니다.', 'product', '11111111-1111-1111-1111-000000000005'),
('33333333-3333-3333-3333-000000000006', '00000000-0000-0000-0000-000000000001', NULL, '댓글 6입니다.', 'article', '22222222-2222-2222-2222-000000000006'),
('33333333-3333-3333-3333-000000000007', '00000000-0000-0000-0000-000000000001', NULL, '댓글 7입니다.', 'product', '11111111-1111-1111-1111-000000000007'),
('33333333-3333-3333-3333-000000000008', '00000000-0000-0000-0000-000000000001', NULL, '댓글 8입니다.', 'article', '22222222-2222-2222-2222-000000000008'),
('33333333-3333-3333-3333-000000000009', '00000000-0000-0000-0000-000000000001', NULL, '댓글 9입니다.', 'product', '11111111-1111-1111-1111-000000000009'),
('33333333-3333-3333-3333-000000000010', '00000000-0000-0000-0000-000000000001', NULL, '댓글 10입니다.', 'article', '22222222-2222-2222-2222-000000000010'),
('33333333-3333-3333-3333-000000000011', '00000000-0000-0000-0000-000000000002', NULL, '댓글 11입니다.', 'product', '11111111-1111-1111-1111-000000000011'),
('33333333-3333-3333-3333-000000000012', '00000000-0000-0000-0000-000000000002', NULL, '댓글 12입니다.', 'article', '22222222-2222-2222-2222-000000000012'),
('33333333-3333-3333-3333-000000000013', '00000000-0000-0000-0000-000000000002', NULL, '댓글 13입니다.', 'product', '11111111-1111-1111-1111-000000000013'),
('33333333-3333-3333-3333-000000000014', '00000000-0000-0000-0000-000000000002', NULL, '댓글 14입니다.', 'article', '22222222-2222-2222-2222-000000000014'),
('33333333-3333-3333-3333-000000000015', '00000000-0000-0000-0000-000000000002', NULL, '댓글 15입니다.', 'product', '11111111-1111-1111-1111-000000000015'),
('33333333-3333-3333-3333-000000000016', '00000000-0000-0000-0000-000000000002', NULL, '댓글 16입니다.', 'article', '22222222-2222-2222-2222-000000000016'),
('33333333-3333-3333-3333-000000000017', '00000000-0000-0000-0000-000000000002', NULL, '댓글 17입니다.', 'product', '11111111-1111-1111-1111-000000000017'),
('33333333-3333-3333-3333-000000000018', '00000000-0000-0000-0000-000000000002', NULL, '댓글 18입니다.', 'article', '22222222-2222-2222-2222-000000000018'),
('33333333-3333-3333-3333-000000000019', '00000000-0000-0000-0000-000000000002', NULL, '댓글 19입니다.', 'product', '11111111-1111-1111-1111-000000000019'),
('33333333-3333-3333-3333-000000000020', '00000000-0000-0000-0000-000000000002', NULL, '댓글 20입니다.', 'article', '22222222-2222-2222-2222-000000000020');

-- PRODUCT_COMMENTS
INSERT INTO product_comments (comment_id, product_id) VALUES
('33333333-3333-3333-3333-000000000001', '11111111-1111-1111-1111-000000000001'),
('33333333-3333-3333-3333-000000000003', '11111111-1111-1111-1111-000000000003'),
('33333333-3333-3333-3333-000000000005', '11111111-1111-1111-1111-000000000005'),
('33333333-3333-3333-3333-000000000007', '11111111-1111-1111-1111-000000000007'),
('33333333-3333-3333-3333-000000000009', '11111111-1111-1111-1111-000000000009'),
('33333333-3333-3333-3333-000000000011', '11111111-1111-1111-1111-000000000011'),
('33333333-3333-3333-3333-000000000013', '11111111-1111-1111-1111-000000000013'),
('33333333-3333-3333-3333-000000000015', '11111111-1111-1111-1111-000000000015'),
('33333333-3333-3333-3333-000000000017', '11111111-1111-1111-1111-000000000017'),
('33333333-3333-3333-3333-000000000019', '11111111-1111-1111-1111-000000000019');

-- ARTICLE_COMMENTS
INSERT INTO article_comments (comment_id, article_id) VALUES
('33333333-3333-3333-3333-000000000002', '22222222-2222-2222-2222-000000000002'),
('33333333-3333-3333-3333-000000000004', '22222222-2222-2222-2222-000000000004'),
('33333333-3333-3333-3333-000000000006', '22222222-2222-2222-2222-000000000006'),
('33333333-3333-3333-3333-000000000008', '22222222-2222-2222-2222-000000000008'),
('33333333-3333-3333-3333-000000000010', '22222222-2222-2222-2222-000000000010'),
('33333333-3333-3333-3333-000000000012', '22222222-2222-2222-2222-000000000012'),
('33333333-3333-3333-3333-000000000014', '22222222-2222-2222-2222-000000000014'),
('33333333-3333-3333-3333-000000000016', '22222222-2222-2222-2222-000000000016'),
('33333333-3333-3333-3333-000000000018', '22222222-2222-2222-2222-000000000018'),
('33333333-3333-3333-3333-000000000020', '22222222-2222-2222-2222-000000000020');

-- PRODUCT_LIKES
INSERT INTO product_likes (user_id, product_id) VALUES
('00000000-0000-0000-0000-000000000001', '11111111-1111-1111-1111-000000000004'),
('00000000-0000-0000-0000-000000000001', '11111111-1111-1111-1111-000000000014'),
('00000000-0000-0000-0000-000000000001', '11111111-1111-1111-1111-000000000029'),
('00000000-0000-0000-0000-000000000001', '11111111-1111-1111-1111-000000000002'),
('00000000-0000-0000-0000-000000000001', '11111111-1111-1111-1111-000000000025'),
('00000000-0000-0000-0000-000000000002', '11111111-1111-1111-1111-000000000002'),
('00000000-0000-0000-0000-000000000002', '11111111-1111-1111-1111-000000000008'),
('00000000-0000-0000-0000-000000000002', '11111111-1111-1111-1111-000000000013'),
('00000000-0000-0000-0000-000000000002', '11111111-1111-1111-1111-000000000018'),
('00000000-0000-0000-0000-000000000002', '11111111-1111-1111-1111-000000000010');

-- ARTICLE_LIKES
INSERT INTO article_likes (user_id, article_id) VALUES
('00000000-0000-0000-0000-000000000001', '22222222-2222-2222-2222-000000000024'),
('00000000-0000-0000-0000-000000000001', '22222222-2222-2222-2222-000000000013'),
('00000000-0000-0000-0000-000000000001', '22222222-2222-2222-2222-000000000017'),
('00000000-0000-0000-0000-000000000001', '22222222-2222-2222-2222-000000000018'),
('00000000-0000-0000-0000-000000000001', '22222222-2222-2222-2222-000000000007'),
('00000000-0000-0000-0000-000000000002', '22222222-2222-2222-2222-000000000018'),
('00000000-0000-0000-0000-000000000002', '22222222-2222-2222-2222-000000000027'),
('00000000-0000-0000-0000-000000000002', '22222222-2222-2222-2222-000000000030'),
('00000000-0000-0000-0000-000000000002', '22222222-2222-2222-2222-000000000005'),
('00000000-0000-0000-0000-000000000002', '22222222-2222-2222-2222-000000000017');

-- COMMENT_LIKES
INSERT INTO comment_likes (user_id, comment_id) VALUES
('00000000-0000-0000-0000-000000000001', '33333333-3333-3333-3333-000000000020'),
('00000000-0000-0000-0000-000000000001', '33333333-3333-3333-3333-000000000016'),
('00000000-0000-0000-0000-000000000001', '33333333-3333-3333-3333-000000000013'),
('00000000-0000-0000-0000-000000000001', '33333333-3333-3333-3333-000000000004'),
('00000000-0000-0000-0000-000000000001', '33333333-3333-3333-3333-000000000018'),
('00000000-0000-0000-0000-000000000002', '33333333-3333-3333-3333-000000000016'),
('00000000-0000-0000-0000-000000000002', '33333333-3333-3333-3333-000000000004'),
('00000000-0000-0000-0000-000000000002', '33333333-3333-3333-3333-000000000010'),
('00000000-0000-0000-0000-000000000002', '33333333-3333-3333-3333-000000000019'),
('00000000-0000-0000-0000-000000000002', '33333333-3333-3333-3333-000000000008');